"Country","Country Code","Year","GDP_annual"
"Australia","AUS",1990,4.04695e+11
"Australia","AUS",2000,6.62674e+11
"Australia","AUS",2001,7.07402e+11
"Australia","AUS",2002,7.56446e+11
"Australia","AUS",2003,8.03108e+11
"Australia","AUS",2004,8.64089e+11
"Australia","AUS",2005,9.25442e+11
"Australia","AUS",2006,9.99585e+11
"Australia","AUS",2007,1.089023e+12
"Australia","AUS",2008,1.179629e+12
"Australia","AUS",2009,1.261441e+12
"Australia","AUS",2010,1.304381e+12
"Australia","AUS",2011,1.418651e+12
"Australia","AUS",2012,1.500852e+12
"Australia","AUS",2013,1.537445e+12
"Australia","AUS",2014,1.599695e+12
"Australia","AUS",2015,1.624733e+12
"Australia","AUS",2016,1.658936e+12
"Australia","AUS",2017,1.759378e+12
"Australia","AUS",2018,1.844528e+12
"Australia","AUS",2019,1.950042e+12
"Australia","AUS",2020,1.984598e+12
"Australia","AUS",2021,2.088901e+12
"Australia","AUS",2022,2.333221e+12
"Belgium","BEL",1990,170096820000
"Belgium","BEL",2000,256376400000
"Belgium","BEL",2001,264334900000
"Belgium","BEL",2002,273255900000
"Belgium","BEL",2003,281200200000
"Belgium","BEL",2004,296819700000
"Belgium","BEL",2005,310037600000
"Belgium","BEL",2006,325151500000
"Belgium","BEL",2007,343618900000
"Belgium","BEL",2008,351743100000
"Belgium","BEL",2009,346472800000
"Belgium","BEL",2010,363140100000
"Belgium","BEL",2011,375967800000
"Belgium","BEL",2012,386174700000
"Belgium","BEL",2013,3.9288e+11
"Belgium","BEL",2014,403003300000
"Belgium","BEL",2015,416701400000
"Belgium","BEL",2016,430085300000
"Belgium","BEL",2017,445050100000
"Belgium","BEL",2018,460050800000
"Belgium","BEL",2019,478676200000
"Belgium","BEL",2020,460747700000
"Belgium","BEL",2021,507929600000
"Belgium","BEL",2022,554044300000
"Belize","BLZ",1990,1091372731.04635
"Belize","BLZ",2000,2269513521.24141
"Belize","BLZ",2001,2336255947.88698
"Belize","BLZ",2002,2480119080.18695
"Belize","BLZ",2003,2606763721.51347
"Belize","BLZ",2004,2788547981.20007
"Belize","BLZ",2005,2936291912.39834
"Belize","BLZ",2006,3168414706.44099
"Belize","BLZ",2007,3398428597.82879
"Belize","BLZ",2008,3463843128.1334
"Belize","BLZ",2009,3362946696.86937
"Belize","BLZ",2010,3478140590.88054
"Belize","BLZ",2011,3637663876.35514
"Belize","BLZ",2012,3799006499.72859
"Belize","BLZ",2013,4043514868.36128
"Belize","BLZ",2014,4250251212.51446
"Belize","BLZ",2015,4389418618.48409
"Belize","BLZ",2016,4481187085.95139
"Belize","BLZ",2017,4533329634.17644
"Belize","BLZ",2018,4585574671.24903
"Belize","BLZ",2019,4773584952.21273
"Belize","BLZ",2020,4095455620.13554
"Belize","BLZ",2021,4849150358.75661
"Belize","BLZ",2022,5661015151.36819
"Bulgaria","BGR",1990,45390600
"Bulgaria","BGR",2000,28124880000
"Bulgaria","BGR",2001,30986688000
"Bulgaria","BGR",2002,34068712000
"Bulgaria","BGR",2003,36637911000
"Bulgaria","BGR",2004,41201297000
"Bulgaria","BGR",2005,47017240000
"Bulgaria","BGR",2006,53608436000
"Bulgaria","BGR",2007,63494488000
"Bulgaria","BGR",2008,72847049000
"Bulgaria","BGR",2009,73181465000
"Bulgaria","BGR",2010,74887599000
"Bulgaria","BGR",2011,81126316000
"Bulgaria","BGR",2012,82642828000
"Bulgaria","BGR",2013,82253423000
"Bulgaria","BGR",2014,84147688000
"Bulgaria","BGR",2015,89571386000
"Bulgaria","BGR",2016,95349439000
"Bulgaria","BGR",2017,102682967000
"Bulgaria","BGR",2018,109915576000
"Bulgaria","BGR",2019,120342013000
"Bulgaria","BGR",2020,120492425000
"Bulgaria","BGR",2021,138979417000
"Bulgaria","BGR",2022,167808976000
"Canada","CAN",1990,6.95501e+11
"Canada","CAN",2000,1.106063e+12
"Canada","CAN",2001,1.144535e+12
"Canada","CAN",2002,1.193687e+12
"Canada","CAN",2003,1.254742e+12
"Canada","CAN",2004,1.335724e+12
"Canada","CAN",2005,1.421573e+12
"Canada","CAN",2006,1.496574e+12
"Canada","CAN",2007,1.57766e+12
"Canada","CAN",2008,1.65704e+12
"Canada","CAN",2009,1.571334e+12
"Canada","CAN",2010,1.666046e+12
"Canada","CAN",2011,1.774063e+12
"Canada","CAN",2012,1.827205e+12
"Canada","CAN",2013,1.902249e+12
"Canada","CAN",2014,1.994897e+12
"Canada","CAN",2015,1.990442e+12
"Canada","CAN",2016,2.025533e+12
"Canada","CAN",2017,2.140641e+12
"Canada","CAN",2018,2.235672e+12
"Canada","CAN",2019,2.313563e+12
"Canada","CAN",2020,2.209681e+12
"Canada","CAN",2021,2.509618e+12
"Canada","CAN",2022,2.782645e+12
"Chile","CHL",1990,10096424396000
"Chile","CHL",2000,42215029917000
"Chile","CHL",2001,45409054801000
"Chile","CHL",2002,48428963170000
"Chile","CHL",2003,52897338900000
"Chile","CHL",2004,60391763165000
"Chile","CHL",2005,68467939844000
"Chile","CHL",2006,81577533476000
"Chile","CHL",2007,90159479206000
"Chile","CHL",2008,93867121298000
"Chile","CHL",2009,96138477277000
"Chile","CHL",2010,110777866880000
"Chile","CHL",2011,121509298510000
"Chile","CHL",2012,129973394040000
"Chile","CHL",2013,137309192010000
"Chile","CHL",2014,147951290040000
"Chile","CHL",2015,158622902850000
"Chile","CHL",2016,168764687920000
"Chile","CHL",2017,179314910110000
"Chile","CHL",2018,189434867410000
"Chile","CHL",2019,195752228490000
"Chile","CHL",2020,201428894220000
"Chile","CHL",2021,240371473140000
"Chile","CHL",2022,262593355840000
"China","CHN",1990,1887286882720
"China","CHN",2000,10028013925000
"China","CHN",2001,11086312305000
"China","CHN",2002,12171742475000
"China","CHN",2003,13742203492000
"China","CHN",2004,16184016091000
"China","CHN",2005,18731890312000
"China","CHN",2006,21943847482000
"China","CHN",2007,27009232372000
"China","CHN",2008,31924461278000
"China","CHN",2009,34851774374000
"China","CHN",2010,41211925580000
"China","CHN",2011,48794018053000
"China","CHN",2012,53857995347000
"China","CHN",2013,59296322955000
"China","CHN",2014,64356310454000
"China","CHN",2015,68885821805000
"China","CHN",2016,74639505948000
"China","CHN",2017,83203594856000
"China","CHN",2018,91928112907000
"China","CHN",2019,98651520229000
"China","CHN",2020,101356700223100
"China","CHN",2021,114923697861100
"China","CHN",2022,121020724436500
"Fiji","FJI",1990,1.98e+09
"Fiji","FJI",2000,3572300000
"Fiji","FJI",2001,3.762e+09
"Fiji","FJI",2002,4009200000
"Fiji","FJI",2003,4361200000
"Fiji","FJI",2004,4693100000
"Fiji","FJI",2005,5.04e+09
"Fiji","FJI",2006,5325700000
"Fiji","FJI",2007,5440100000
"Fiji","FJI",2008,5614901400
"Fiji","FJI",2009,5614080600
"Fiji","FJI",2010,6024438100
"Fiji","FJI",2011,6768488300
"Fiji","FJI",2012,7109505300
"Fiji","FJI",2013,7715729700
"Fiji","FJI",2014,9167032441.77719
"Fiji","FJI",2015,9822110337.91771
"Fiji","FJI",2016,10327298779.0329
"Fiji","FJI",2017,11064951592.9369
"Fiji","FJI",2018,11650555594.7145
"Fiji","FJI",2019,11762059234.9612
"Fiji","FJI",2020,9613154937.34473
"Fiji","FJI",2021,8914140560.81574
"Fiji","FJI",2022,10962961832.4483
"Finland","FIN",1990,9.0959e+10
"Finland","FIN",2000,1.36442e+11
"Finland","FIN",2001,1.44628e+11
"Finland","FIN",2002,1.48486e+11
"Finland","FIN",2003,1.51749e+11
"Finland","FIN",2004,1.58758e+11
"Finland","FIN",2005,1.64687e+11
"Finland","FIN",2006,1.72897e+11
"Finland","FIN",2007,1.87072e+11
"Finland","FIN",2008,1.94265e+11
"Finland","FIN",2009,1.81747e+11
"Finland","FIN",2010,1.88143e+11
"Finland","FIN",2011,1.97998e+11
"Finland","FIN",2012,2.01037e+11
"Finland","FIN",2013,2.04321e+11
"Finland","FIN",2014,2.06897e+11
"Finland","FIN",2015,2.11385e+11
"Finland","FIN",2016,2.17518e+11
"Finland","FIN",2017,2.26301e+11
"Finland","FIN",2018,2.33462e+11
"Finland","FIN",2019,2.39858e+11
"Finland","FIN",2020,2.38038e+11
"Finland","FIN",2021,2.50923e+11
"Finland","FIN",2022,2.68645e+11
"France","FRA",1990,1.053546e+12
"France","FRA",2000,1.478585e+12
"France","FRA",2001,1.5382e+12
"France","FRA",2002,1.587829e+12
"France","FRA",2003,1.630666e+12
"France","FRA",2004,1.704019e+12
"France","FRA",2005,1.765905e+12
"France","FRA",2006,1.848151e+12
"France","FRA",2007,1.94136e+12
"France","FRA",2008,1.99238e+12
"France","FRA",2009,1.936422e+12
"France","FRA",2010,1.995289e+12
"France","FRA",2011,2.058369e+12
"France","FRA",2012,2.088804e+12
"France","FRA",2013,2.117189e+12
"France","FRA",2014,2.149765e+12
"France","FRA",2015,2.198432e+12
"France","FRA",2016,2.234129e+12
"France","FRA",2017,2.297242e+12
"France","FRA",2018,2.363306e+12
"France","FRA",2019,2.437635e+12
"France","FRA",2020,2.317832e+12
"France","FRA",2021,2.502118e+12
"France","FRA",2022,2.639092e+12
"Germany","DEU",1990,1463577584000
"Germany","DEU",2000,2.10909e+12
"Germany","DEU",2001,2.17254e+12
"Germany","DEU",2002,2.19812e+12
"Germany","DEU",2003,2.21157e+12
"Germany","DEU",2004,2.26252e+12
"Germany","DEU",2005,2.28831e+12
"Germany","DEU",2006,2.38508e+12
"Germany","DEU",2007,2.49955e+12
"Germany","DEU",2008,2.54649e+12
"Germany","DEU",2009,2.44573e+12
"Germany","DEU",2010,2.5644e+12
"Germany","DEU",2011,2.69356e+12
"Germany","DEU",2012,2.74531e+12
"Germany","DEU",2013,2.81135e+12
"Germany","DEU",2014,2.92743e+12
"Germany","DEU",2015,3.02618e+12
"Germany","DEU",2016,3.13474e+12
"Germany","DEU",2017,3.26716e+12
"Germany","DEU",2018,3.36545e+12
"Germany","DEU",2019,3.47411e+12
"Germany","DEU",2020,3.40373e+12
"Germany","DEU",2021,3.61745e+12
"Germany","DEU",2022,3.87681e+12
"India","IND",1990,5761092055700
"India","IND",2000,21398856906000
"India","IND",2001,23152429571000
"India","IND",2002,24926137847000
"India","IND",2003,27925301414000
"India","IND",2004,31863319238000
"India","IND",2005,36321246607000
"India","IND",2006,42546289838000
"India","IND",2007,48986620591000
"India","IND",2008,55141523847000
"India","IND",2009,63664065417000
"India","IND",2010,76344721044000
"India","IND",2011,87363287114000
"India","IND",2012,99440131062000
"India","IND",2013,112335216120000
"India","IND",2014,124679592930000
"India","IND",2015,137718738790000
"India","IND",2016,153916690150000
"India","IND",2017,170900423610000
"India","IND",2018,188996684450000
"India","IND",2019,201035928570000
"India","IND",2020,198299270530000
"India","IND",2021,234710117360000
"India","IND",2022,272407121723700
"Indonesia","IDN",1990,1.955972e+14
"Indonesia","IDN",2000,1.3897699e+15
"Indonesia","IDN",2001,1.646322e+15
"Indonesia","IDN",2002,1.8218334e+15
"Indonesia","IDN",2003,2.0136746e+15
"Indonesia","IDN",2004,2.2958262e+15
"Indonesia","IDN",2005,2.7742811e+15
"Indonesia","IDN",2006,3.3392168e+15
"Indonesia","IDN",2007,3.9508932e+15
"Indonesia","IDN",2008,4948688397200000
"Indonesia","IDN",2009,5606203365800000
"Indonesia","IDN",2010,6.8641331e+15
"Indonesia","IDN",2011,7.831726e+15
"Indonesia","IDN",2012,8.6157045e+15
"Indonesia","IDN",2013,9.546134e+15
"Indonesia","IDN",2014,1.05697053e+16
"Indonesia","IDN",2015,1.15263328e+16
"Indonesia","IDN",2016,1.24017285e+16
"Indonesia","IDN",2017,1.35898257e+16
"Indonesia","IDN",2018,1.4838756e+16
"Indonesia","IDN",2019,1.58326572e+16
"Indonesia","IDN",2020,1.54433532e+16
"Indonesia","IDN",2021,1.69766908e+16
"Indonesia","IDN",2022,1.95884456e+16
"Jamaica","JAM",1990,32990537700
"Jamaica","JAM",2000,3.87089e+11
"Jamaica","JAM",2001,4.22923e+11
"Jamaica","JAM",2002,4.70555e+11
"Jamaica","JAM",2003,5.4451e+11
"Jamaica","JAM",2004,6.22661e+11
"Jamaica","JAM",2005,7.00276e+11
"Jamaica","JAM",2006,7.84336e+11
"Jamaica","JAM",2007,8.85632e+11
"Jamaica","JAM",2008,9.97444e+11
"Jamaica","JAM",2009,1.065317e+12
"Jamaica","JAM",2010,1.152781e+12
"Jamaica","JAM",2011,1.240702e+12
"Jamaica","JAM",2012,1.314126e+12
"Jamaica","JAM",2013,1.432096e+12
"Jamaica","JAM",2014,1.541903e+12
"Jamaica","JAM",2015,1.659677e+12
"Jamaica","JAM",2016,1.760975e+12
"Jamaica","JAM",2017,1.895025e+12
"Jamaica","JAM",2018,2.027251e+12
"Jamaica","JAM",2019,2.110433e+12
"Jamaica","JAM",2020,1.966928e+12
"Jamaica","JAM",2021,2.210219e+12
"Jamaica","JAM",2022,2.623255e+12
"Japan","JPN",1990,4.612951e+14
"Japan","JPN",2000,5.354177e+14
"Japan","JPN",2001,5.316539e+14
"Japan","JPN",2002,5.244787e+14
"Japan","JPN",2003,5.239686e+14
"Japan","JPN",2004,5.294009e+14
"Japan","JPN",2005,5.325156e+14
"Japan","JPN",2006,5.351702e+14
"Japan","JPN",2007,5.392817e+14
"Japan","JPN",2008,5.278238e+14
"Japan","JPN",2009,4.949384e+14
"Japan","JPN",2010,5.055306e+14
"Japan","JPN",2011,4.974489e+14
"Japan","JPN",2012,5.004747e+14
"Japan","JPN",2013,5.087006e+14
"Japan","JPN",2014,5.18811e+14
"Japan","JPN",2015,5.380323e+14
"Japan","JPN",2016,5.443646e+14
"Japan","JPN",2017,5.53073e+14
"Japan","JPN",2018,5.566301e+14
"Japan","JPN",2019,5.579108e+14
"Japan","JPN",2020,5.390824e+14
"Japan","JPN",2021,5.493793e+14
"Japan","JPN",2022,5.56523e+14
"Kiribati","KIR",1990,5.5e+07
"Kiribati","KIR",2000,1.16e+08
"Kiribati","KIR",2001,1.22e+08
"Kiribati","KIR",2002,132884800
"Kiribati","KIR",2003,139128500
"Kiribati","KIR",2004,139198700
"Kiribati","KIR",2005,146839400
"Kiribati","KIR",2006,146392000
"Kiribati","KIR",2007,158556000
"Kiribati","KIR",2008,168151000
"Kiribati","KIR",2009,169788800
"Kiribati","KIR",2010,169307800
"Kiribati","KIR",2011,175155500
"Kiribati","KIR",2012,183144800
"Kiribati","KIR",2013,191157700
"Kiribati","KIR",2014,197320400
"Kiribati","KIR",2015,226674400
"Kiribati","KIR",2016,240131400
"Kiribati","KIR",2017,2.46e+08
"Kiribati","KIR",2018,2.63e+08
"Kiribati","KIR",2019,2.52e+08
"Kiribati","KIR",2020,2.58e+08
"Kiribati","KIR",2021,3.03e+08
"Kiribati","KIR",2022,3.22e+08
"South Korea","KOR",1990,2.005562e+14
"South Korea","KOR",2000,6.516344e+14
"South Korea","KOR",2001,7.070213e+14
"South Korea","KOR",2002,7.847413e+14
"South Korea","KOR",2003,8.37365e+14
"South Korea","KOR",2004,9.084392e+14
"South Korea","KOR",2005,9.574478e+14
"South Korea","KOR",2006,1.0056015e+15
"South Korea","KOR",2007,1.0896602e+15
"South Korea","KOR",2008,1.1542165e+15
"South Korea","KOR",2009,1.2053477e+15
"South Korea","KOR",2010,1.3226112e+15
"South Korea","KOR",2011,1.3889372e+15
"South Korea","KOR",2012,1.4401114e+15
"South Korea","KOR",2013,1.5008191e+15
"South Korea","KOR",2014,1.5629289e+15
"South Korea","KOR",2015,1.6580204e+15
"South Korea","KOR",2016,1.7407796e+15
"South Korea","KOR",2017,1.8356982e+15
"South Korea","KOR",2018,1.8981926e+15
"South Korea","KOR",2019,1.9244981e+15
"South Korea","KOR",2020,1.9407262e+15
"South Korea","KOR",2021,2.0801985e+15
"South Korea","KOR",2022,2.1617739e+15
"Nauru","NRU",1990,NA
"Nauru","NRU",2000,NA
"Nauru","NRU",2001,NA
"Nauru","NRU",2002,NA
"Nauru","NRU",2003,NA
"Nauru","NRU",2004,4.3e+07
"Nauru","NRU",2005,4e+07
"Nauru","NRU",2006,3.9e+07
"Nauru","NRU",2007,2.9e+07
"Nauru","NRU",2008,4.2e+07
"Nauru","NRU",2009,6e+07
"Nauru","NRU",2010,5.4e+07
"Nauru","NRU",2011,6.6e+07
"Nauru","NRU",2012,9.8e+07
"Nauru","NRU",2013,9.2e+07
"Nauru","NRU",2014,1.08e+08
"Nauru","NRU",2015,1.02e+08
"Nauru","NRU",2016,1.34e+08
"Nauru","NRU",2017,1.45e+08
"Nauru","NRU",2018,1.69e+08
"Nauru","NRU",2019,1.75e+08
"Nauru","NRU",2020,1.86e+08
"Nauru","NRU",2021,1.95e+08
"Nauru","NRU",2022,2.09e+08
"New Zealand","NZL",1990,7.6127e+10
"New Zealand","NZL",2000,1.19839e+11
"New Zealand","NZL",2001,1.28712e+11
"New Zealand","NZL",2002,1.35181e+11
"New Zealand","NZL",2003,1.44502e+11
"New Zealand","NZL",2004,1.54559e+11
"New Zealand","NZL",2005,1.62937e+11
"New Zealand","NZL",2006,1.72004e+11
"New Zealand","NZL",2007,1.86673e+11
"New Zealand","NZL",2008,1.89406e+11
"New Zealand","NZL",2009,1.94307e+11
"New Zealand","NZL",2010,2.03342e+11
"New Zealand","NZL",2011,2.13025e+11
"New Zealand","NZL",2012,2.17489e+11
"New Zealand","NZL",2013,2.32793e+11
"New Zealand","NZL",2014,2.4267e+11
"New Zealand","NZL",2015,2.5534e+11
"New Zealand","NZL",2016,2.71271e+11
"New Zealand","NZL",2017,2.90709e+11
"New Zealand","NZL",2018,3.06231e+11
"New Zealand","NZL",2019,3.23447e+11
"New Zealand","NZL",2020,3.27795e+11
"New Zealand","NZL",2021,3.61299e+11
"New Zealand","NZL",2022,391301874951.468
"Norway","NOR",1990,7.49861e+11
"Norway","NOR",2000,1.509132e+12
"Norway","NOR",2001,1.566708e+12
"Norway","NOR",2002,1.564145e+12
"Norway","NOR",2003,1.624095e+12
"Norway","NOR",2004,1.788123e+12
"Norway","NOR",2005,1.997037e+12
"Norway","NOR",2006,2.224871e+12
"Norway","NOR",2007,2.360174e+12
"Norway","NOR",2008,2.622135e+12
"Norway","NOR",2009,2.439712e+12
"Norway","NOR",2010,2.605351e+12
"Norway","NOR",2011,2.809929e+12
"Norway","NOR",2012,2.983082e+12
"Norway","NOR",2013,3.090335e+12
"Norway","NOR",2014,3.161776e+12
"Norway","NOR",2015,3.130183e+12
"Norway","NOR",2016,3.116035e+12
"Norway","NOR",2017,3.323103e+12
"Norway","NOR",2018,3.576581e+12
"Norway","NOR",2019,3.596937e+12
"Norway","NOR",2020,3.461575e+12
"Norway","NOR",2021,4.21162e+12
"Norway","NOR",2022,5.570664e+12
"Palau","PLW",1990,NA
"Palau","PLW",2000,146297500
"Palau","PLW",2001,156907900
"Palau","PLW",2002,163184900
"Palau","PLW",2003,153963200
"Palau","PLW",2004,165186200
"Palau","PLW",2005,190452900
"Palau","PLW",2006,192382400
"Palau","PLW",2007,198897700
"Palau","PLW",2008,198283900
"Palau","PLW",2009,187522800
"Palau","PLW",2010,185943000
"Palau","PLW",2011,196911100
"Palau","PLW",2012,212397800
"Palau","PLW",2013,221117200
"Palau","PLW",2014,241669800
"Palau","PLW",2015,280457700
"Palau","PLW",2016,298300000
"Palau","PLW",2017,285600000
"Palau","PLW",2018,288546281.25
"Palau","PLW",2019,281970375
"Palau","PLW",2020,257885921.875
"Palau","PLW",2021,232903015.625
"Palau","PLW",2022,NA
"Panama","PAN",1990,6433967000
"Panama","PAN",2000,12304115000
"Panama","PAN",2001,12502013400
"Panama","PAN",2002,12994310400
"Panama","PAN",2003,13693981200
"Panama","PAN",2004,15013381700
"Panama","PAN",2005,16374393900
"Panama","PAN",2006,18141666300
"Panama","PAN",2007,21295984200
"Panama","PAN",2008,25155888600
"Panama","PAN",2009,27116635600
"Panama","PAN",2010,29440287600
"Panama","PAN",2011,34686224300
"Panama","PAN",2012,40429700000
"Panama","PAN",2013,45599900000
"Panama","PAN",2014,49921400000
"Panama","PAN",2015,54091800000
"Panama","PAN",2016,57907700000
"Panama","PAN",2017,62202700000
"Panama","PAN",2018,67294169200
"Panama","PAN",2019,69721787500
"Panama","PAN",2020,57086836900
"Panama","PAN",2021,67406738100
"Panama","PAN",2022,76522511800
"Papua New Guinea","PNG",1990,3076200000
"Papua New Guinea","PNG",2000,9735800000
"Papua New Guinea","PNG",2001,10396300000
"Papua New Guinea","PNG",2002,11655500000
"Papua New Guinea","PNG",2003,12567346700
"Papua New Guinea","PNG",2004,12652124500
"Papua New Guinea","PNG",2005,1.5094e+10
"Papua New Guinea","PNG",2006,25538749000
"Papua New Guinea","PNG",2007,28304313400
"Papua New Guinea","PNG",2008,31512437600
"Papua New Guinea","PNG",2009,32013264100
"Papua New Guinea","PNG",2010,38752078700
"Papua New Guinea","PNG",2011,42642222800
"Papua New Guinea","PNG",2012,44371635600
"Papua New Guinea","PNG",2013,47721285900
"Papua New Guinea","PNG",2014,57130774000
"Papua New Guinea","PNG",2015,60139423700
"Papua New Guinea","PNG",2016,65038163500
"Papua New Guinea","PNG",2017,72521646100
"Papua New Guinea","PNG",2018,79404670700
"Papua New Guinea","PNG",2019,83845179700
"Papua New Guinea","PNG",2020,8.2515e+10
"Papua New Guinea","PNG",2021,91625732515.011
"Papua New Guinea","PNG",2022,111241167818.15
"Poland","POL",1990,62678860800
"Poland","POL",2000,7.48483e+11
"Poland","POL",2001,7.81548e+11
"Poland","POL",2002,8.12214e+11
"Poland","POL",2003,8.47152e+11
"Poland","POL",2004,9.33091e+11
"Poland","POL",2005,9.9053e+11
"Poland","POL",2006,1.069431e+12
"Poland","POL",2007,1.187508e+12
"Poland","POL",2008,1.285571e+12
"Poland","POL",2009,1.372025e+12
"Poland","POL",2010,1.434368e+12
"Poland","POL",2011,1.553641e+12
"Poland","POL",2012,1.612739e+12
"Poland","POL",2013,1.630126e+12
"Poland","POL",2014,1.700552e+12
"Poland","POL",2015,1.798471e+12
"Poland","POL",2016,1.853205e+12
"Poland","POL",2017,1.982794e+12
"Poland","POL",2018,2.126506e+12
"Poland","POL",2019,2.288492e+12
"Poland","POL",2020,2.337672e+12
"Poland","POL",2021,2.631302e+12
"Poland","POL",2022,3.067495e+12
"Portugal","PRT",1990,55973426000
"Portugal","PRT",2000,128414445000
"Portugal","PRT",2001,135775009000
"Portugal","PRT",2002,142554263000
"Portugal","PRT",2003,146067858000
"Portugal","PRT",2004,152248388000
"Portugal","PRT",2005,158552704000
"Portugal","PRT",2006,166260469000
"Portugal","PRT",2007,175483401000
"Portugal","PRT",2008,179102781000
"Portugal","PRT",2009,175416437000
"Portugal","PRT",2010,179610779000
"Portugal","PRT",2011,176096171000
"Portugal","PRT",2012,168295569000
"Portugal","PRT",2013,170492269000
"Portugal","PRT",2014,173053691000
"Portugal","PRT",2015,179713159000
"Portugal","PRT",2016,186489811000
"Portugal","PRT",2017,195947210000
"Portugal","PRT",2018,205184124000
"Portugal","PRT",2019,214374620000
"Portugal","PRT",2020,200518859000
"Portugal","PRT",2021,216053209000
"Portugal","PRT",2022,242340811000
"Russia","RUS",1990,644200000
"Russia","RUS",2000,7305646300000
"Russia","RUS",2001,8943582400000
"Russia","RUS",2002,1.08305e+13
"Russia","RUS",2003,13208233779000
"Russia","RUS",2004,17027190860000
"Russia","RUS",2005,21609765489000
"Russia","RUS",2006,26917201375000
"Russia","RUS",2007,33247513229000
"Russia","RUS",2008,41276849187000
"Russia","RUS",2009,38807218575000
"Russia","RUS",2010,46308541190000
"Russia","RUS",2011,6.0114e+13
"Russia","RUS",2012,6.81034e+13
"Russia","RUS",2013,7.29857e+13
"Russia","RUS",2014,7.903e+13
"Russia","RUS",2015,8.30874e+13
"Russia","RUS",2016,8.56161e+13
"Russia","RUS",2017,9.18432e+13
"Russia","RUS",2018,1.038617e+14
"Russia","RUS",2019,1.096083e+14
"Russia","RUS",2020,1.076581e+14
"Russia","RUS",2021,1.35295e+14
"Russia","RUS",2022,1.534352e+14
"Samoa","WSM",1990,290457200
"Samoa","WSM",2000,822127100
"Samoa","WSM",2001,912608700
"Samoa","WSM",2002,978472000
"Samoa","WSM",2003,1055702000
"Samoa","WSM",2004,1165266700
"Samoa","WSM",2005,1292275900
"Samoa","WSM",2006,1389438100
"Samoa","WSM",2007,1500746900
"Samoa","WSM",2008,1695847600
"Samoa","WSM",2009,1714959100
"Samoa","WSM",2010,1726339600
"Samoa","WSM",2011,1776475900
"Samoa","WSM",2012,1779035300
"Samoa","WSM",2013,1822730200
"Samoa","WSM",2014,1850411400
"Samoa","WSM",2015,1997846300
"Samoa","WSM",2016,2205778900
"Samoa","WSM",2017,2243618500
"Samoa","WSM",2018,2254415800
"Samoa","WSM",2019,2390088800
"Samoa","WSM",2020,2344130500
"Samoa","WSM",2021,2169453400
"Samoa","WSM",2022,2170167100
"Spain","ESP",1990,328695793000
"Spain","ESP",2000,6.47851e+11
"Spain","ESP",2001,7.00993e+11
"Spain","ESP",2002,7.49552e+11
"Spain","ESP",2003,8.02266e+11
"Spain","ESP",2004,8.59437e+11
"Spain","ESP",2005,9.27357e+11
"Spain","ESP",2006,1.003823e+12
"Spain","ESP",2007,1.075539e+12
"Spain","ESP",2008,1.109541e+12
"Spain","ESP",2009,1.069323e+12
"Spain","ESP",2010,1.072709e+12
"Spain","ESP",2011,1.063763e+12
"Spain","ESP",2012,1.031104e+12
"Spain","ESP",2013,1.020677e+12
"Spain","ESP",2014,1.032608e+12
"Spain","ESP",2015,1.078092e+12
"Spain","ESP",2016,1.11442e+12
"Spain","ESP",2017,1.162492e+12
"Spain","ESP",2018,1.203859e+12
"Spain","ESP",2019,1.245513e+12
"Spain","ESP",2020,1.11901e+12
"Spain","ESP",2021,1.22229e+12
"Spain","ESP",2022,1.346377e+12
"Switzerland","CHE",1990,369198757000
"Switzerland","CHE",2000,471540038000
"Switzerland","CHE",2001,483636918000
"Switzerland","CHE",2002,482077197000
"Switzerland","CHE",2003,487606519000
"Switzerland","CHE",2004,502265680000
"Switzerland","CHE",2005,520848315000
"Switzerland","CHE",2006,553721552000
"Switzerland","CHE",2007,589085155000
"Switzerland","CHE",2008,614407719000
"Switzerland","CHE",2009,603039074000
"Switzerland","CHE",2010,624545119000
"Switzerland","CHE",2011,635738744000
"Switzerland","CHE",2012,643645589000
"Switzerland","CHE",2013,654611669000
"Switzerland","CHE",2014,665618374000
"Switzerland","CHE",2015,668006382000
"Switzerland","CHE",2016,677848331000
"Switzerland","CHE",2017,684558467000
"Switzerland","CHE",2018,709521556000
"Switzerland","CHE",2019,716878590000
"Switzerland","CHE",2020,696619959000
"Switzerland","CHE",2021,743330231000
"Switzerland","CHE",2022,781460269000
"Tonga","TON",1990,147156000
"Tonga","TON",2000,335769000
"Tonga","TON",2001,354482100
"Tonga","TON",2002,398388300
"Tonga","TON",2003,444033200
"Tonga","TON",2004,471857000
"Tonga","TON",2005,507442300
"Tonga","TON",2006,587065100
"Tonga","TON",2007,597833900
"Tonga","TON",2008,654689900
"Tonga","TON",2009,651525500
"Tonga","TON",2010,707597700
"Tonga","TON",2011,759448300
"Tonga","TON",2012,797813300
"Tonga","TON",2013,781325900
"Tonga","TON",2014,797192400
"Tonga","TON",2015,849146800
"Tonga","TON",2016,932589900
"Tonga","TON",2017,1017668100
"Tonga","TON",2018,1072556000
"Tonga","TON",2019,1163344000
"Tonga","TON",2020,1119952000
"Tonga","TON",2021,1068862000
"Tonga","TON",2022,NA
"United Kingdom","GBR",1990,6.15673e+11
"United Kingdom","GBR",2000,1.100752e+12
"United Kingdom","GBR",2001,1.146135e+12
"United Kingdom","GBR",2002,1.191439e+12
"United Kingdom","GBR",2003,1.258334e+12
"United Kingdom","GBR",2004,1.322637e+12
"United Kingdom","GBR",2005,1.398749e+12
"United Kingdom","GBR",2006,1.472038e+12
"United Kingdom","GBR",2007,1.544637e+12
"United Kingdom","GBR",2008,1.5936e+12
"United Kingdom","GBR",2009,1.548802e+12
"United Kingdom","GBR",2010,1.608553e+12
"United Kingdom","GBR",2011,1.66259e+12
"United Kingdom","GBR",2012,1.713715e+12
"United Kingdom","GBR",2013,1.781361e+12
"United Kingdom","GBR",2014,1.862514e+12
"United Kingdom","GBR",2015,1.916451e+12
"United Kingdom","GBR",2016,1.991645e+12
"United Kingdom","GBR",2017,2.082482e+12
"United Kingdom","GBR",2018,2.152304e+12
"United Kingdom","GBR",2019,2.233921e+12
"United Kingdom","GBR",2020,2.104288e+12
"United Kingdom","GBR",2021,2.284079e+12
"United Kingdom","GBR",2022,2.50617e+12
"United States","USA",1990,5.963144e+12
"United States","USA",2000,10250947997000
"United States","USA",2001,10581929774000
"United States","USA",2002,10929112955000
"United States","USA",2003,11456442041000
"United States","USA",2004,12217193198000
"United States","USA",2005,13039199193000
"United States","USA",2006,13815586948000
"United States","USA",2007,14474226905000
"United States","USA",2008,14769857911000
"United States","USA",2009,14478064934000
"United States","USA",2010,15048964444000
"United States","USA",2011,15599728123000
"United States","USA",2012,16253972230000
"United States","USA",2013,16843190993000
"United States","USA",2014,17550680174000
"United States","USA",2015,18206020741000
"United States","USA",2016,18695110842000
"United States","USA",2017,19477336549000
"United States","USA",2018,20533057312000
"United States","USA",2019,21380976119000
"United States","USA",2020,21060473613000
"United States","USA",2021,23315080560000
"United States","USA",2022,2.54397e+13
"Vanuatu","VUT",1990,1.9769e+10
"Vanuatu","VUT",2000,3.7441e+10
"Vanuatu","VUT",2001,3.748e+10
"Vanuatu","VUT",2002,3.6553e+10
"Vanuatu","VUT",2003,3.8425e+10
"Vanuatu","VUT",2004,4.0803e+10
"Vanuatu","VUT",2005,4.3148e+10
"Vanuatu","VUT",2006,4.8611e+10
"Vanuatu","VUT",2007,5.2898e+10
"Vanuatu","VUT",2008,5.9863e+10
"Vanuatu","VUT",2009,6.3257e+10
"Vanuatu","VUT",2010,6.4996e+10
"Vanuatu","VUT",2011,6.8905e+10
"Vanuatu","VUT",2012,6.9278e+10
"Vanuatu","VUT",2013,7.1692e+10
"Vanuatu","VUT",2014,7.497e+10
"Vanuatu","VUT",2015,7.9657e+10
"Vanuatu","VUT",2016,8.4707e+10
"Vanuatu","VUT",2017,9.4889e+10
"Vanuatu","VUT",2018,1.00772e+11
"Vanuatu","VUT",2019,1.0745e+11
"Vanuatu","VUT",2020,1.04929e+11
"Vanuatu","VUT",2021,1.06348e+11
"Vanuatu","VUT",2022,1.21792e+11
