"","REF_AREA","Reference.area","ACTIVITY","Economic.activity","TIME_PERIOD","OBS_VALUE","OBS_STATUS","Observation.status","CURRENCY","Currency"
"1","NZL","New Zealand","B","Mining and quarrying",1971,49,"A","Normal value","NZD","New Zealand dollar"
"2","NZL","New Zealand","B","Mining and quarrying",1977,231,"A","Normal value","NZD","New Zealand dollar"
"3","NZL","New Zealand","B","Mining and quarrying",1983,447,"A","Normal value","NZD","New Zealand dollar"
"4","NZL","New Zealand","B","Mining and quarrying",1989,892,"A","Normal value","NZD","New Zealand dollar"
"5","NZL","New Zealand","B","Mining and quarrying",1995,1079,"A","Normal value","NZD","New Zealand dollar"
"6","NZL","New Zealand","B","Mining and quarrying",2001,1423,"A","Normal value","NZD","New Zealand dollar"
"7","NZL","New Zealand","B","Mining and quarrying",2007,3791,"A","Normal value","NZD","New Zealand dollar"
"8","NZL","New Zealand","B","Mining and quarrying",2013,3579,"A","Normal value","NZD","New Zealand dollar"
"9","NZL","New Zealand","B","Mining and quarrying",2019,2854,"A","Normal value","NZD","New Zealand dollar"
"10","ISL","Iceland","B","Mining and quarrying",1998,844.826,"A","Normal value","ISK","Iceland krona"
"11","ISL","Iceland","B","Mining and quarrying",2004,1092.159,"A","Normal value","ISK","Iceland krona"
"12","ISL","Iceland","B","Mining and quarrying",2010,929.841,"A","Normal value","ISK","Iceland krona"
"13","ISL","Iceland","B","Mining and quarrying",2016,2159.319,"A","Normal value","ISK","Iceland krona"
"14","ISL","Iceland","B","Mining and quarrying",2022,3977.593,"A","Normal value","ISK","Iceland krona"
"15","BRA","Brazil","B07","Mining of metal ores",2002,4415.908,"A","Normal value","BRL","Brazilian real"
"16","BRA","Brazil","B07","Mining of metal ores",2008,18462.25,"A","Normal value","BRL","Brazilian real"
"17","BRA","Brazil","B07","Mining of metal ores",2014,46354,"A","Normal value","BRL","Brazilian real"
"18","ITA","Italy","B","Mining and quarrying",1995,5227,"A","Normal value","EUR","Euro"
"19","ITA","Italy","B","Mining and quarrying",2001,5541.6,"A","Normal value","EUR","Euro"
"20","ITA","Italy","B","Mining and quarrying",2007,5394.4,"A","Normal value","EUR","Euro"
"21","ITA","Italy","B","Mining and quarrying",2013,6531.2,"A","Normal value","EUR","Euro"
"22","ITA","Italy","B","Mining and quarrying",2019,3878.5,"A","Normal value","EUR","Euro"
"23","HRV","Croatia","B","Mining and quarrying",2000,132.989,"A","Normal value","EUR","Euro"
"24","HRV","Croatia","B","Mining and quarrying",2006,396.049,"A","Normal value","EUR","Euro"
"25","HRV","Croatia","B","Mining and quarrying",2012,376.553,"A","Normal value","EUR","Euro"
"26","HRV","Croatia","B","Mining and quarrying",2018,164.782,"A","Normal value","EUR","Euro"
"27","SWE","Sweden","B","Mining and quarrying",1997,4946,"A","Normal value","SEK","Swedish krona"
"28","SWE","Sweden","B","Mining and quarrying",2003,5309,"A","Normal value","SEK","Swedish krona"
"29","SWE","Sweden","B","Mining and quarrying",2009,11058,"A","Normal value","SEK","Swedish krona"
"30","SWE","Sweden","B","Mining and quarrying",2015,15340,"A","Normal value","SEK","Swedish krona"
"31","SWE","Sweden","B","Mining and quarrying",2021,53321,"A","Normal value","SEK","Swedish krona"
"32","MKD","North Macedonia","B","Mining and quarrying",2002,984,"A","Normal value","MKD","Denar"
"33","MKD","North Macedonia","B","Mining and quarrying",2008,3224,"A","Normal value","MKD","Denar"
"34","MKD","North Macedonia","B","Mining and quarrying",2014,6632,"A","Normal value","MKD","Denar"
"35","GRC","Greece","B","Mining and quarrying",1996,430.534,"A","Normal value","EUR","Euro"
"36","GRC","Greece","B","Mining and quarrying",2002,657.608,"A","Normal value","EUR","Euro"
"37","GRC","Greece","B","Mining and quarrying",2008,816.844,"A","Normal value","EUR","Euro"
"38","GRC","Greece","B","Mining and quarrying",2014,837.839,"A","Normal value","EUR","Euro"
"39","GRC","Greece","B","Mining and quarrying",2020,535.681,"A","Normal value","EUR","Euro"
"40","BRA","Brazil","B","Mining and quarrying",2003,32325.019,"A","Normal value","BRL","Brazilian real"
"41","BRA","Brazil","B","Mining and quarrying",2009,62704.621,"A","Normal value","BRL","Brazilian real"
"42","BRA","Brazil","B","Mining and quarrying",2015,110773,"A","Normal value","BRL","Brazilian real"
"43","LVA","Latvia","B05","Mining of coal and lignite",1995,0.028,"A","Normal value","EUR","Euro"
"44","LVA","Latvia","B05","Mining of coal and lignite",2001,0.075,"A","Normal value","EUR","Euro"
"45","LVA","Latvia","B05","Mining of coal and lignite",2007,0.395,"A","Normal value","EUR","Euro"
"46","LVA","Latvia","B05","Mining of coal and lignite",2013,0,"A","Normal value","EUR","Euro"
"47","LVA","Latvia","B05","Mining of coal and lignite",2019,0,"A","Normal value","EUR","Euro"
"48","CYP","Cyprus","B","Mining and quarrying",1995,19,"A","Normal value","EUR","Euro"
"49","CYP","Cyprus","B","Mining and quarrying",2001,26,"A","Normal value","EUR","Euro"
"50","CYP","Cyprus","B","Mining and quarrying",2007,50.7,"A","Normal value","EUR","Euro"
"51","CYP","Cyprus","B","Mining and quarrying",2013,18.9,"A","Normal value","EUR","Euro"
"52","CYP","Cyprus","B","Mining and quarrying",2019,27,"A","Normal value","EUR","Euro"
"53","USA","United States","B05","Mining of coal and lignite",1998,13721.957,"A","Normal value","USD","US dollar"
"54","USA","United States","B05","Mining of coal and lignite",2004,12356.813,"A","Normal value","USD","US dollar"
"55","USA","United States","B05","Mining of coal and lignite",2010,30376.249,"A","Normal value","USD","US dollar"
"56","USA","United States","B05","Mining of coal and lignite",2016,18683.819,"A","Normal value","USD","US dollar"
"57","CMR","Cameroon","B","Mining and quarrying",1996,354337.306,"A","Normal value","XAF","CFA franc - BEAC"
"58","CMR","Cameroon","B","Mining and quarrying",2002,396598.405,"A","Normal value","XAF","CFA franc - BEAC"
"59","CMR","Cameroon","B","Mining and quarrying",2008,769916.081,"A","Normal value","XAF","CFA franc - BEAC"
"60","CMR","Cameroon","B","Mining and quarrying",2014,785140.922,"A","Normal value","XAF","CFA franc - BEAC"
"61","CMR","Cameroon","B","Mining and quarrying",2020,593689,"A","Normal value","XAF","CFA franc - BEAC"
"62","COL","Colombia","B07","Mining of metal ores",2007,3999000,"A","Normal value","COP","Colombian peso"
"63","COL","Colombia","B07","Mining of metal ores",2013,3313000,"A","Normal value","COP","Colombian peso"
"64","COL","Colombia","B07","Mining of metal ores",2019,4163000,"A","Normal value","COP","Colombian peso"
"65","LVA","Latvia","B","Mining and quarrying",1999,7.381,"A","Normal value","EUR","Euro"
"66","LVA","Latvia","B","Mining and quarrying",2005,34.123,"A","Normal value","EUR","Euro"
"67","LVA","Latvia","B","Mining and quarrying",2011,83.445,"A","Normal value","EUR","Euro"
"68","LVA","Latvia","B","Mining and quarrying",2017,118.421,"A","Normal value","EUR","Euro"
"69","DNK","Denmark","B","Mining and quarrying",1967,243,"A","Normal value","DKK","Danish krone"
"70","DNK","Denmark","B","Mining and quarrying",1973,386,"A","Normal value","DKK","Danish krone"
"71","DNK","Denmark","B","Mining and quarrying",1979,911,"A","Normal value","DKK","Danish krone"
"72","DNK","Denmark","B","Mining and quarrying",1985,7194,"A","Normal value","DKK","Danish krone"
"73","DNK","Denmark","B","Mining and quarrying",1991,7575,"A","Normal value","DKK","Danish krone"
"74","DNK","Denmark","B","Mining and quarrying",1997,13565,"A","Normal value","DKK","Danish krone"
"75","DNK","Denmark","B","Mining and quarrying",2003,29268,"A","Normal value","DKK","Danish krone"
"76","DNK","Denmark","B","Mining and quarrying",2009,41413,"A","Normal value","DKK","Danish krone"
"77","DNK","Denmark","B","Mining and quarrying",2015,23424,"A","Normal value","DKK","Danish krone"
"78","KOR","Korea","B","Mining and quarrying",1970,41500,"A","Normal value","KRW","Won"
"79","KOR","Korea","B","Mining and quarrying",1976,156600,"A","Normal value","KRW","Won"
"80","KOR","Korea","B","Mining and quarrying",1982,687800,"A","Normal value","KRW","Won"
"81","KOR","Korea","B","Mining and quarrying",1988,1130000,"A","Normal value","KRW","Won"
"82","KOR","Korea","B","Mining and quarrying",1994,1685700,"A","Normal value","KRW","Won"
"83","KOR","Korea","B","Mining and quarrying",2000,1602100,"A","Normal value","KRW","Won"
"84","KOR","Korea","B","Mining and quarrying",2006,1786200,"A","Normal value","KRW","Won"
"85","KOR","Korea","B","Mining and quarrying",2012,1911700,"A","Normal value","KRW","Won"
"86","KOR","Korea","B","Mining and quarrying",2018,2128200,"A","Normal value","KRW","Won"
"87","USA","United States","B09","Mining support service activities",1998,13577.265,"A","Normal value","USD","US dollar"
"88","USA","United States","B09","Mining support service activities",2004,19839.795,"A","Normal value","USD","US dollar"
"89","USA","United States","B09","Mining support service activities",2010,47422.075,"A","Normal value","USD","US dollar"
"90","USA","United States","B09","Mining support service activities",2016,31932.721,"A","Normal value","USD","US dollar"
"91","EST","Estonia","B","Mining and quarrying",1999,64.41,"A","Normal value","EUR","Euro"
"92","EST","Estonia","B","Mining and quarrying",2005,95.01,"A","Normal value","EUR","Euro"
"93","EST","Estonia","B","Mining and quarrying",2011,204.01,"A","Normal value","EUR","Euro"
"94","EST","Estonia","B","Mining and quarrying",2017,255.72,"A","Normal value","EUR","Euro"
"95","BEL","Belgium","B","Mining and quarrying",1997,344.2,"A","Normal value","EUR","Euro"
"96","BEL","Belgium","B","Mining and quarrying",2003,322.8,"A","Normal value","EUR","Euro"
"97","BEL","Belgium","B","Mining and quarrying",2009,254.8,"A","Normal value","EUR","Euro"
"98","BEL","Belgium","B","Mining and quarrying",2015,223.2,"A","Normal value","EUR","Euro"
"99","BEL","Belgium","B","Mining and quarrying",2021,305.4,"A","Normal value","EUR","Euro"
"100","LVA","Latvia","B08","Other mining and quarrying",1999,7.33,"A","Normal value","EUR","Euro"
"101","LVA","Latvia","B08","Other mining and quarrying",2005,33.961,"A","Normal value","EUR","Euro"
"102","LVA","Latvia","B08","Other mining and quarrying",2011,82.169,"A","Normal value","EUR","Euro"
"103","LVA","Latvia","B08","Other mining and quarrying",2017,117.695,"A","Normal value","EUR","Euro"
"104","ROU","Romania","B05","Mining of coal and lignite",1999,193.9,"A","Normal value","RON","Romanian leu"
"105","ROU","Romania","B05","Mining of coal and lignite",2005,766.3,"A","Normal value","RON","Romanian leu"
"106","ROU","Romania","B05","Mining of coal and lignite",2011,874.4,"A","Normal value","RON","Romanian leu"
"107","ROU","Romania","B05","Mining of coal and lignite",2017,-353.7,"A","Normal value","RON","Romanian leu"
"108","BRA","Brazil","B05","Mining of coal and lignite",2004,4435.189,"A","Normal value","BRL","Brazilian real"
"109","BRA","Brazil","B05","Mining of coal and lignite",2010,6592,"A","Normal value","BRL","Brazilian real"
"110","BRA","Brazil","B05","Mining of coal and lignite",2016,7684,"A","Normal value","BRL","Brazilian real"
"111","ROU","Romania","B08","Other mining and quarrying",1995,18.5,"A","Normal value","RON","Romanian leu"
"112","ROU","Romania","B08","Other mining and quarrying",2001,145,"A","Normal value","RON","Romanian leu"
"113","ROU","Romania","B08","Other mining and quarrying",2007,529.3,"A","Normal value","RON","Romanian leu"
"114","ROU","Romania","B08","Other mining and quarrying",2013,783.2,"A","Normal value","RON","Romanian leu"
"115","ROU","Romania","B08","Other mining and quarrying",2019,1283.4,"A","Normal value","RON","Romanian leu"
"116","CRI","Costa Rica","B06","Extraction of crude petroleum and natural gas",1995,0,"A","Normal value","CRC","Costa Rican colon"
"117","CRI","Costa Rica","B06","Extraction of crude petroleum and natural gas",2001,0,"A","Normal value","CRC","Costa Rican colon"
"118","CRI","Costa Rica","B06","Extraction of crude petroleum and natural gas",2007,0,"A","Normal value","CRC","Costa Rican colon"
"119","CRI","Costa Rica","B06","Extraction of crude petroleum and natural gas",2013,0,"A","Normal value","CRC","Costa Rican colon"
"120","CRI","Costa Rica","B06","Extraction of crude petroleum and natural gas",2019,0,"A","Normal value","CRC","Costa Rican colon"
"121","USA","United States","B","Mining and quarrying",1999,80282.768,"A","Normal value","USD","US dollar"
"122","USA","United States","B","Mining and quarrying",2005,215429.94,"A","Normal value","USD","US dollar"
"123","USA","United States","B","Mining and quarrying",2011,340423.3,"A","Normal value","USD","US dollar"
"124","USA","United States","B","Mining and quarrying",2017,264532.521,"A","Normal value","USD","US dollar"
"125","COL","Colombia","B","Mining and quarrying",2006,26127000,"A","Normal value","COP","Colombian peso"
"126","COL","Colombia","B","Mining and quarrying",2012,74557000,"A","Normal value","COP","Colombian peso"
"127","COL","Colombia","B","Mining and quarrying",2018,57788000,"A","Normal value","COP","Colombian peso"
"128","CMR","Cameroon","B08","Other mining and quarrying",1998,25624.99,"A","Normal value","XAF","CFA franc - BEAC"
"129","CMR","Cameroon","B08","Other mining and quarrying",2004,42267.741,"A","Normal value","XAF","CFA franc - BEAC"
"130","CMR","Cameroon","B08","Other mining and quarrying",2010,57930.746,"A","Normal value","XAF","CFA franc - BEAC"
"131","CMR","Cameroon","B08","Other mining and quarrying",2016,46315,"A","Normal value","XAF","CFA franc - BEAC"
"132","CAN","Canada","B","Mining and quarrying",2009,90759,"A","Normal value","CAD","Canadian dollar"
"133","CAN","Canada","B","Mining and quarrying",2015,88436,"A","Normal value","CAD","Canadian dollar"
"134","SVN","Slovenia","B","Mining and quarrying",1999,109.157,"A","Normal value","EUR","Euro"
"135","SVN","Slovenia","B","Mining and quarrying",2005,133.075,"A","Normal value","EUR","Euro"
"136","SVN","Slovenia","B","Mining and quarrying",2011,146.099,"A","Normal value","EUR","Euro"
"137","SVN","Slovenia","B","Mining and quarrying",2017,138.546,"A","Normal value","EUR","Euro"
"138","CAN","Canada","B07","Mining of metal ores",2007,16629,"A","Normal value","CAD","Canadian dollar"
"139","CAN","Canada","B07","Mining of metal ores",2013,14847,"A","Normal value","CAD","Canadian dollar"
"140","CAN","Canada","B07","Mining of metal ores",2019,18495,"A","Normal value","CAD","Canadian dollar"
"141","POL","Poland","B","Mining and quarrying",1995,11205,"A","Normal value","PLN","Zloty"
"142","POL","Poland","B","Mining and quarrying",2001,16062,"A","Normal value","PLN","Zloty"
"143","POL","Poland","B","Mining and quarrying",2007,23751,"A","Normal value","PLN","Zloty"
"144","POL","Poland","B","Mining and quarrying",2013,32140,"A","Normal value","PLN","Zloty"
"145","POL","Poland","B","Mining and quarrying",2019,32966,"A","Normal value","PLN","Zloty"
"146","SEN","Senegal","B09","Mining support service activities",2019,33175,"A","Normal value","XOF","CFA Franc - BCEAO"
"147","LUX","Luxembourg","B","Mining and quarrying",1998,22.358,"A","Normal value","EUR","Euro"
"148","LUX","Luxembourg","B","Mining and quarrying",2004,29.675,"A","Normal value","EUR","Euro"
"149","LUX","Luxembourg","B","Mining and quarrying",2010,31.776,"A","Normal value","EUR","Euro"
"150","LUX","Luxembourg","B","Mining and quarrying",2016,29.476,"A","Normal value","EUR","Euro"
"151","LUX","Luxembourg","B","Mining and quarrying",2022,35.027,"A","Normal value","EUR","Euro"
"152","ESP","Spain","B","Mining and quarrying",1998,1710,"A","Normal value","EUR","Euro"
"153","ESP","Spain","B","Mining and quarrying",2004,2874,"A","Normal value","EUR","Euro"
"154","ESP","Spain","B","Mining and quarrying",2010,2639,"A","Normal value","EUR","Euro"
"155","ESP","Spain","B","Mining and quarrying",2016,1474,"A","Normal value","EUR","Euro"
"156","ESP","Spain","B","Mining and quarrying",2022,6734,"P","Provisional value","EUR","Euro"
"157","CMR","Cameroon","B06","Extraction of crude petroleum and natural gas",1996,336318.477,"A","Normal value","XAF","CFA franc - BEAC"
"158","CMR","Cameroon","B06","Extraction of crude petroleum and natural gas",2002,360056.063,"A","Normal value","XAF","CFA franc - BEAC"
"159","CMR","Cameroon","B06","Extraction of crude petroleum and natural gas",2008,720950.137,"A","Normal value","XAF","CFA franc - BEAC"
"160","CMR","Cameroon","B06","Extraction of crude petroleum and natural gas",2014,711976.659,"A","Normal value","XAF","CFA franc - BEAC"
"161","CMR","Cameroon","B06","Extraction of crude petroleum and natural gas",2020,543570,"A","Normal value","XAF","CFA franc - BEAC"
"162","SEN","Senegal","B08","Other mining and quarrying",2017,164965,"A","Normal value","XOF","CFA Franc - BCEAO"
"163","LTU","Lithuania","B","Mining and quarrying",1998,45.863,"A","Normal value","EUR","Euro"
"164","LTU","Lithuania","B","Mining and quarrying",2004,88.435,"A","Normal value","EUR","Euro"
"165","LTU","Lithuania","B","Mining and quarrying",2010,92.788,"A","Normal value","EUR","Euro"
"166","LTU","Lithuania","B","Mining and quarrying",2016,99.909,"A","Normal value","EUR","Euro"
"167","LTU","Lithuania","B","Mining and quarrying",2022,153.231,"A","Normal value","EUR","Euro"
"168","LVA","Latvia","B07","Mining of metal ores",1996,0,"A","Normal value","EUR","Euro"
"169","LVA","Latvia","B07","Mining of metal ores",2002,0,"A","Normal value","EUR","Euro"
"170","LVA","Latvia","B07","Mining of metal ores",2008,0,"A","Normal value","EUR","Euro"
"171","LVA","Latvia","B07","Mining of metal ores",2014,0,"A","Normal value","EUR","Euro"
"172","LVA","Latvia","B07","Mining of metal ores",2020,0,"A","Normal value","EUR","Euro"
"173","BGR","Bulgaria","B","Mining and quarrying",1997,398.977,"A","Normal value","BGN","Bulgarian lev"
"174","BGR","Bulgaria","B","Mining and quarrying",2003,475.899,"A","Normal value","BGN","Bulgarian lev"
"175","BGR","Bulgaria","B","Mining and quarrying",2009,1226.658,"A","Normal value","BGN","Bulgarian lev"
"176","BGR","Bulgaria","B","Mining and quarrying",2015,1923.396,"A","Normal value","BGN","Bulgarian lev"
"177","COL","Colombia","B06","Extraction of crude petroleum and natural gas",2006,15969000,"A","Normal value","COP","Colombian peso"
"178","COL","Colombia","B06","Extraction of crude petroleum and natural gas",2012,56982000,"A","Normal value","COP","Colombian peso"
"179","COL","Colombia","B06","Extraction of crude petroleum and natural gas",2018,36871000,"A","Normal value","COP","Colombian peso"
"180","ROU","Romania","B07","Mining of metal ores",1999,82.8,"A","Normal value","RON","Romanian leu"
"181","ROU","Romania","B07","Mining of metal ores",2005,644.2,"A","Normal value","RON","Romanian leu"
"182","ROU","Romania","B07","Mining of metal ores",2011,72.5,"A","Normal value","RON","Romanian leu"
"183","ROU","Romania","B07","Mining of metal ores",2017,88.9,"A","Normal value","RON","Romanian leu"
"184","ALB","Albania","B","Mining and quarrying",2001,5624.696,"A","Normal value","ALL","Lek"
"185","ALB","Albania","B","Mining and quarrying",2007,14333.511,"A","Normal value","ALL","Lek"
"186","ALB","Albania","B","Mining and quarrying",2013,66516.443,"A","Normal value","ALL","Lek"
"187","FIN","Finland","B","Mining and quarrying",1980,169,"A","Normal value","EUR","Euro"
"188","FIN","Finland","B","Mining and quarrying",1986,219,"A","Normal value","EUR","Euro"
"189","FIN","Finland","B","Mining and quarrying",1992,283,"A","Normal value","EUR","Euro"
"190","FIN","Finland","B","Mining and quarrying",1998,302,"A","Normal value","EUR","Euro"
"191","FIN","Finland","B","Mining and quarrying",2004,388,"A","Normal value","EUR","Euro"
"192","FIN","Finland","B","Mining and quarrying",2010,822,"A","Normal value","EUR","Euro"
"193","FIN","Finland","B","Mining and quarrying",2016,674,"A","Normal value","EUR","Euro"
"194","FIN","Finland","B","Mining and quarrying",2022,1148,"A","Normal value","EUR","Euro"
"195","MEX","Mexico","B","Mining and quarrying",1998,261967.228,"A","Normal value","MXN","Mexican peso"
"196","MEX","Mexico","B","Mining and quarrying",2004,568954.863,"A","Normal value","MXN","Mexican peso"
"197","MEX","Mexico","B","Mining and quarrying",2010,956298.438,"A","Normal value","MXN","Mexican peso"
"198","MEX","Mexico","B","Mining and quarrying",2016,719496.861,"A","Normal value","MXN","Mexican peso"
"199","MEX","Mexico","B","Mining and quarrying",2022,1064020.729,"P","Provisional value","MXN","Mexican peso"
"200","USA","United States","B08","Other mining and quarrying",1997,8567.798,"A","Normal value","USD","US dollar"
"201","USA","United States","B08","Other mining and quarrying",2003,11066.613,"A","Normal value","USD","US dollar"
"202","USA","United States","B08","Other mining and quarrying",2009,18473.497,"A","Normal value","USD","US dollar"
"203","USA","United States","B08","Other mining and quarrying",2015,16625.715,"A","Normal value","USD","US dollar"
"204","USA","United States","B08","Other mining and quarrying",2021,27309.705,"A","Normal value","USD","US dollar"
"205","MEX","Mexico","B08","Other mining and quarrying",1993,10123.22,"A","Normal value","MXN","Mexican peso"
"206","MEX","Mexico","B08","Other mining and quarrying",1999,25419.631,"A","Normal value","MXN","Mexican peso"
"207","MEX","Mexico","B08","Other mining and quarrying",2005,43957.503,"A","Normal value","MXN","Mexican peso"
"208","MEX","Mexico","B08","Other mining and quarrying",2011,54456.719,"A","Normal value","MXN","Mexican peso"
"209","MEX","Mexico","B08","Other mining and quarrying",2017,77999.653,"A","Normal value","MXN","Mexican peso"
"210","CAN","Canada","B08","Other mining and quarrying",2012,9151,"A","Normal value","CAD","Canadian dollar"
"211","CAN","Canada","B08","Other mining and quarrying",2018,9237,"A","Normal value","CAD","Canadian dollar"
"212","CAN","Canada","B06","Extraction of crude petroleum and natural gas",2011,88730,"A","Normal value","CAD","Canadian dollar"
"213","CAN","Canada","B06","Extraction of crude petroleum and natural gas",2017,62707,"A","Normal value","CAD","Canadian dollar"
"214","CRI","Costa Rica","B09","Mining support service activities",1995,0,"A","Normal value","CRC","Costa Rican colon"
"215","CRI","Costa Rica","B09","Mining support service activities",2001,0,"A","Normal value","CRC","Costa Rican colon"
"216","CRI","Costa Rica","B09","Mining support service activities",2007,0,"A","Normal value","CRC","Costa Rican colon"
"217","CRI","Costa Rica","B09","Mining support service activities",2013,0,"A","Normal value","CRC","Costa Rican colon"
"218","CRI","Costa Rica","B09","Mining support service activities",2019,0,"A","Normal value","CRC","Costa Rican colon"
"219","SEN","Senegal","B","Mining and quarrying",2001,8696.989,"A","Normal value","XOF","CFA Franc - BCEAO"
"220","SEN","Senegal","B","Mining and quarrying",2007,49042.313,"A","Normal value","XOF","CFA Franc - BCEAO"
"221","SEN","Senegal","B","Mining and quarrying",2013,289402.107,"A","Normal value","XOF","CFA Franc - BCEAO"
"222","SEN","Senegal","B","Mining and quarrying",2019,520000,"A","Normal value","XOF","CFA Franc - BCEAO"
"223","MEX","Mexico","B09","Mining support service activities",1995,3041.898,"A","Normal value","MXN","Mexican peso"
"224","MEX","Mexico","B09","Mining support service activities",2001,17557.231,"A","Normal value","MXN","Mexican peso"
"225","MEX","Mexico","B09","Mining support service activities",2007,40588.629,"A","Normal value","MXN","Mexican peso"
"226","MEX","Mexico","B09","Mining support service activities",2013,70766.77,"A","Normal value","MXN","Mexican peso"
"227","MEX","Mexico","B09","Mining support service activities",2019,71112.973,"A","Normal value","MXN","Mexican peso"
"228","GEO","Georgia","B","Mining and quarrying",2014,214.491,"A","Normal value","GEL","Lari"
"229","GEO","Georgia","B","Mining and quarrying",2020,836.946,"A","Normal value","GEL","Lari"
"230","CRI","Costa Rica","B","Mining and quarrying",1996,8005.618,"A","Normal value","CRC","Costa Rican colon"
"231","CRI","Costa Rica","B","Mining and quarrying",2002,27314.084,"A","Normal value","CRC","Costa Rican colon"
"232","CRI","Costa Rica","B","Mining and quarrying",2008,87976.356,"A","Normal value","CRC","Costa Rican colon"
"233","CRI","Costa Rica","B","Mining and quarrying",2014,84368.904,"A","Normal value","CRC","Costa Rican colon"
"234","CRI","Costa Rica","B","Mining and quarrying",2020,119446.983,"A","Normal value","CRC","Costa Rican colon"
"235","MEX","Mexico","B06","Extraction of crude petroleum and natural gas",1997,205349.167,"A","Normal value","MXN","Mexican peso"
"236","MEX","Mexico","B06","Extraction of crude petroleum and natural gas",2003,333451.243,"A","Normal value","MXN","Mexican peso"
"237","MEX","Mexico","B06","Extraction of crude petroleum and natural gas",2009,618727.481,"A","Normal value","MXN","Mexican peso"
"238","MEX","Mexico","B06","Extraction of crude petroleum and natural gas",2015,456046.614,"A","Normal value","MXN","Mexican peso"
"239","MEX","Mexico","B06","Extraction of crude petroleum and natural gas",2021,529789.276,"P","Provisional value","MXN","Mexican peso"
"240","CRI","Costa Rica","B05","Mining of coal and lignite",1991,0,"A","Normal value","CRC","Costa Rican colon"
"241","CRI","Costa Rica","B05","Mining of coal and lignite",1997,0,"A","Normal value","CRC","Costa Rican colon"
"242","CRI","Costa Rica","B05","Mining of coal and lignite",2003,0,"A","Normal value","CRC","Costa Rican colon"
"243","CRI","Costa Rica","B05","Mining of coal and lignite",2009,0,"A","Normal value","CRC","Costa Rican colon"
"244","CRI","Costa Rica","B05","Mining of coal and lignite",2015,0,"A","Normal value","CRC","Costa Rican colon"
"245","CRI","Costa Rica","B05","Mining of coal and lignite",2021,0,"E","Estimated value","CRC","Costa Rican colon"
"246","RUS","Russia","B","Mining and quarrying",2013,5910711.7,"A","Normal value","RUB","Russian ruble"
"247","RUS","Russia","B","Mining and quarrying",2019,12674320.9,"A","Normal value","RUB","Russian ruble"
"248","COL","Colombia","B08","Other mining and quarrying",2007,1197000,"A","Normal value","COP","Colombian peso"
"249","COL","Colombia","B08","Other mining and quarrying",2013,1825000,"A","Normal value","COP","Colombian peso"
"250","COL","Colombia","B08","Other mining and quarrying",2019,2628000,"A","Normal value","COP","Colombian peso"
"251","CHL","Chile","B","Mining and quarrying",2021,33783590.392,"A","Normal value","CLP","Chilean peso"
"252","JPN","Japan","B","Mining and quarrying",1998,716400,"A","Normal value","JPY","Yen"
"253","JPN","Japan","B","Mining and quarrying",2004,411700,"A","Normal value","JPY","Yen"
"254","JPN","Japan","B","Mining and quarrying",2010,312200,"A","Normal value","JPY","Yen"
"255","JPN","Japan","B","Mining and quarrying",2016,364200,"A","Normal value","JPY","Yen"
"256","JPN","Japan","B","Mining and quarrying",2022,446500,"A","Normal value","JPY","Yen"
"257","FRA","France","B","Mining and quarrying",1963,243,"A","Normal value","EUR","Euro"
"258","FRA","France","B","Mining and quarrying",1969,442,"A","Normal value","EUR","Euro"
"259","FRA","France","B","Mining and quarrying",1975,903,"A","Normal value","EUR","Euro"
"260","FRA","France","B","Mining and quarrying",1981,2464,"A","Normal value","EUR","Euro"
"261","FRA","France","B","Mining and quarrying",1987,2397,"A","Normal value","EUR","Euro"
"262","FRA","France","B","Mining and quarrying",1993,1994,"A","Normal value","EUR","Euro"
"263","FRA","France","B","Mining and quarrying",1999,1808,"A","Normal value","EUR","Euro"
"264","FRA","France","B","Mining and quarrying",2005,1990,"A","Normal value","EUR","Euro"
"265","FRA","France","B","Mining and quarrying",2011,2240,"A","Normal value","EUR","Euro"
"266","FRA","France","B","Mining and quarrying",2017,1867,"A","Normal value","EUR","Euro"
"267","SRB","Serbia","B","Mining and quarrying",1995,1477.516,"A","Normal value","RSD","Serbian dinar"
"268","SRB","Serbia","B","Mining and quarrying",2001,17600.493,"A","Normal value","RSD","Serbian dinar"
"269","SRB","Serbia","B","Mining and quarrying",2007,41868.436,"A","Normal value","RSD","Serbian dinar"
"270","SRB","Serbia","B","Mining and quarrying",2013,112257.068,"A","Normal value","RSD","Serbian dinar"
"271","SRB","Serbia","B","Mining and quarrying",2019,104390.2,"A","Normal value","RSD","Serbian dinar"
"272","USA","United States","B06","Extraction of crude petroleum and natural gas",2000,63745.17,"A","Normal value","USD","US dollar"
"273","USA","United States","B06","Extraction of crude petroleum and natural gas",2006,169812.53,"A","Normal value","USD","US dollar"
"274","USA","United States","B06","Extraction of crude petroleum and natural gas",2012,210886.213,"A","Normal value","USD","US dollar"
"275","USA","United States","B06","Extraction of crude petroleum and natural gas",2018,193998.656,"A","Normal value","USD","US dollar"
"276","ROU","Romania","B","Mining and quarrying",1996,273.6,"A","Normal value","RON","Romanian leu"
"277","ROU","Romania","B","Mining and quarrying",2002,2763,"A","Normal value","RON","Romanian leu"
"278","ROU","Romania","B","Mining and quarrying",2008,5227.1,"A","Normal value","RON","Romanian leu"
"279","ROU","Romania","B","Mining and quarrying",2014,5421.1,"A","Normal value","RON","Romanian leu"
"280","ROU","Romania","B","Mining and quarrying",2020,8853.9,"A","Normal value","RON","Romanian leu"
"281","IRL","Ireland","B","Mining and quarrying",1998,394.508,"A","Normal value","EUR","Euro"
"282","IRL","Ireland","B","Mining and quarrying",2004,456.034,"A","Normal value","EUR","Euro"
"283","IRL","Ireland","B","Mining and quarrying",2010,686.965,"A","Normal value","EUR","Euro"
"284","IRL","Ireland","B","Mining and quarrying",2016,536.612,"A","Normal value","EUR","Euro"
"285","DEU","Germany","B","Mining and quarrying",1996,5718,"A","Normal value","EUR","Euro"
"286","DEU","Germany","B","Mining and quarrying",2002,4418,"A","Normal value","EUR","Euro"
"287","DEU","Germany","B","Mining and quarrying",2008,6342,"A","Normal value","EUR","Euro"
"288","DEU","Germany","B","Mining and quarrying",2014,4901,"A","Normal value","EUR","Euro"
"289","DEU","Germany","B","Mining and quarrying",2020,4371,"P","Provisional value","EUR","Euro"
"290","ROU","Romania","B06","Extraction of crude petroleum and natural gas",1997,304.2,"A","Normal value","RON","Romanian leu"
"291","ROU","Romania","B06","Extraction of crude petroleum and natural gas",2003,754,"A","Normal value","RON","Romanian leu"
"292","ROU","Romania","B06","Extraction of crude petroleum and natural gas",2009,2559.6,"A","Normal value","RON","Romanian leu"
"293","ROU","Romania","B06","Extraction of crude petroleum and natural gas",2015,4587.7,"A","Normal value","RON","Romanian leu"
"294","ROU","Romania","B06","Extraction of crude petroleum and natural gas",2021,4923.1,"A","Normal value","RON","Romanian leu"
"295","GBR","United Kingdom","B","Mining and quarrying",1996,20118,"A","Normal value","GBP","Pound sterling"
"296","GBR","United Kingdom","B","Mining and quarrying",2002,18227,"A","Normal value","GBP","Pound sterling"
"297","GBR","United Kingdom","B","Mining and quarrying",2008,29411,"A","Normal value","GBP","Pound sterling"
"298","GBR","United Kingdom","B","Mining and quarrying",2014,19622,"A","Normal value","GBP","Pound sterling"
"299","GBR","United Kingdom","B","Mining and quarrying",2020,14529,"A","Normal value","GBP","Pound sterling"
"300","TUR","T端rkiye","B","Mining and quarrying",1999,888.819,"A","Normal value","TRY","Turkish lira"
"301","TUR","T端rkiye","B","Mining and quarrying",2005,6600.035,"A","Normal value","TRY","Turkish lira"
"302","TUR","T端rkiye","B","Mining and quarrying",2011,15755.858,"A","Normal value","TRY","Turkish lira"
"303","TUR","T端rkiye","B","Mining and quarrying",2017,28159.268,"A","Normal value","TRY","Turkish lira"
"304","CPV","Cabo Verde","B","Mining and quarrying",2007,625.459,"A","Normal value","CVE","Cape Verde escudo"
"305","CPV","Cabo Verde","B","Mining and quarrying",2013,560.927,"A","Normal value","CVE","Cape Verde escudo"
"306","CPV","Cabo Verde","B","Mining and quarrying",2019,614.927,"A","Normal value","CVE","Cape Verde escudo"
"307","CRI","Costa Rica","B07","Mining of metal ores",1991,0,"A","Normal value","CRC","Costa Rican colon"
"308","CRI","Costa Rica","B07","Mining of metal ores",1997,0,"A","Normal value","CRC","Costa Rican colon"
"309","CRI","Costa Rica","B07","Mining of metal ores",2003,0,"A","Normal value","CRC","Costa Rican colon"
"310","CRI","Costa Rica","B07","Mining of metal ores",2009,0,"A","Normal value","CRC","Costa Rican colon"
"311","CRI","Costa Rica","B07","Mining of metal ores",2015,0,"A","Normal value","CRC","Costa Rican colon"
"312","CRI","Costa Rica","B07","Mining of metal ores",2021,0,"E","Estimated value","CRC","Costa Rican colon"
"313","AUT","Austria","B","Mining and quarrying",1999,650.21,"A","Normal value","EUR","Euro"
"314","AUT","Austria","B","Mining and quarrying",2005,986.35,"A","Normal value","EUR","Euro"
"315","AUT","Austria","B","Mining and quarrying",2011,1498.06,"A","Normal value","EUR","Euro"
"316","AUT","Austria","B","Mining and quarrying",2017,1188,"A","Normal value","EUR","Euro"
"317","MEX","Mexico","B07","Mining of metal ores",1995,10697.36,"A","Normal value","MXN","Mexican peso"
"318","MEX","Mexico","B07","Mining of metal ores",2001,6975.169,"A","Normal value","MXN","Mexican peso"
"319","MEX","Mexico","B07","Mining of metal ores",2007,52126.709,"A","Normal value","MXN","Mexican peso"
"320","MEX","Mexico","B07","Mining of metal ores",2013,115836.901,"A","Normal value","MXN","Mexican peso"
"321","MEX","Mexico","B07","Mining of metal ores",2019,172785.247,"A","Normal value","MXN","Mexican peso"
"322","COL","Colombia","B09","Mining support service activities",2009,166000,"A","Normal value","COP","Colombian peso"
"323","COL","Colombia","B09","Mining support service activities",2015,194000,"A","Normal value","COP","Colombian peso"
"324","COL","Colombia","B09","Mining support service activities",2021,243000,"P","Provisional value","COP","Colombian peso"
"325","CAN","Canada","B09","Mining support service activities",2012,19078,"A","Normal value","CAD","Canadian dollar"
"326","CAN","Canada","B09","Mining support service activities",2018,15490,"A","Normal value","CAD","Canadian dollar"
"327","LVA","Latvia","B09","Mining support service activities",1997,0,"A","Normal value","EUR","Euro"
"328","LVA","Latvia","B09","Mining support service activities",2003,0,"A","Normal value","EUR","Euro"
"329","LVA","Latvia","B09","Mining support service activities",2009,0.618,"A","Normal value","EUR","Euro"
"330","LVA","Latvia","B09","Mining support service activities",2015,0.293,"A","Normal value","EUR","Euro"
"331","LVA","Latvia","B09","Mining support service activities",2021,0.031,"A","Normal value","EUR","Euro"
"332","USA","United States","B07","Mining of metal ores",1997,4094.866,"A","Normal value","USD","US dollar"
"333","USA","United States","B07","Mining of metal ores",2003,4305.849,"A","Normal value","USD","US dollar"
"334","USA","United States","B07","Mining of metal ores",2009,13424.638,"A","Normal value","USD","US dollar"
"335","USA","United States","B07","Mining of metal ores",2015,9675.402,"A","Normal value","USD","US dollar"
"336","USA","United States","B07","Mining of metal ores",2021,13881.996,"A","Normal value","USD","US dollar"
"337","CZE","Czechia","B","Mining and quarrying",2000,28683,"A","Normal value","CZK","Czech koruna"
"338","CZE","Czechia","B","Mining and quarrying",2006,41706,"A","Normal value","CZK","Czech koruna"
"339","CZE","Czechia","B","Mining and quarrying",2012,42979,"A","Normal value","CZK","Czech koruna"
"340","CZE","Czechia","B","Mining and quarrying",2018,33162,"A","Normal value","CZK","Czech koruna"
"341","CAN","Canada","B05","Mining of coal and lignite",2008,3795,"A","Normal value","CAD","Canadian dollar"
"342","CAN","Canada","B05","Mining of coal and lignite",2014,2078,"A","Normal value","CAD","Canadian dollar"
"343","CAN","Canada","B05","Mining of coal and lignite",2020,1641,"A","Normal value","CAD","Canadian dollar"
"344","EU27_2020","European Union (27 countries from 01/02/2020)","B","Mining and quarrying",1995,36856.355,"A","Normal value","EUR","Euro"
"345","EU27_2020","European Union (27 countries from 01/02/2020)","B","Mining and quarrying",2001,40419.543,"A","Normal value","EUR","Euro"
"346","EU27_2020","European Union (27 countries from 01/02/2020)","B","Mining and quarrying",2007,57924.577,"A","Normal value","EUR","Euro"
"347","EU27_2020","European Union (27 countries from 01/02/2020)","B","Mining and quarrying",2013,63891.312,"A","Normal value","EUR","Euro"
"348","EU27_2020","European Union (27 countries from 01/02/2020)","B","Mining and quarrying",2019,41889.059,"A","Normal value","EUR","Euro"
"349","CHE","Switzerland","B","Mining and quarrying",1999,716.945,"A","Normal value","CHF","Swiss franc"
"350","CHE","Switzerland","B","Mining and quarrying",2005,755.263,"A","Normal value","CHF","Swiss franc"
"351","CHE","Switzerland","B","Mining and quarrying",2011,830.571,"A","Normal value","CHF","Swiss franc"
"352","CHE","Switzerland","B","Mining and quarrying",2017,872.417,"A","Normal value","CHF","Swiss franc"
"353","CRI","Costa Rica","B08","Other mining and quarrying",1995,7384.504,"A","Normal value","CRC","Costa Rican colon"
"354","CRI","Costa Rica","B08","Other mining and quarrying",2001,25474.802,"A","Normal value","CRC","Costa Rican colon"
"355","CRI","Costa Rica","B08","Other mining and quarrying",2007,67640.248,"A","Normal value","CRC","Costa Rican colon"
"356","CRI","Costa Rica","B08","Other mining and quarrying",2013,83741.159,"A","Normal value","CRC","Costa Rican colon"
"357","CRI","Costa Rica","B08","Other mining and quarrying",2019,112094.928,"A","Normal value","CRC","Costa Rican colon"
"358","SEN","Senegal","B06","Extraction of crude petroleum and natural gas",2019,1560,"A","Normal value","XOF","CFA Franc - BCEAO"
"359","MEX","Mexico","B05","Mining of coal and lignite",1995,1317.114,"A","Normal value","MXN","Mexican peso"
"360","MEX","Mexico","B05","Mining of coal and lignite",2001,2937.508,"A","Normal value","MXN","Mexican peso"
"361","MEX","Mexico","B05","Mining of coal and lignite",2007,3885.383,"A","Normal value","MXN","Mexican peso"
"362","MEX","Mexico","B05","Mining of coal and lignite",2013,6041.112,"A","Normal value","MXN","Mexican peso"
"363","MEX","Mexico","B05","Mining of coal and lignite",2019,7230.335,"A","Normal value","MXN","Mexican peso"
"364","SEN","Senegal","B07","Mining of metal ores",2017,145988,"A","Normal value","XOF","CFA Franc - BCEAO"
"365","LVA","Latvia","B06","Extraction of crude petroleum and natural gas",1995,0,"A","Normal value","EUR","Euro"
"366","LVA","Latvia","B06","Extraction of crude petroleum and natural gas",2001,0,"A","Normal value","EUR","Euro"
"367","LVA","Latvia","B06","Extraction of crude petroleum and natural gas",2007,0,"A","Normal value","EUR","Euro"
"368","LVA","Latvia","B06","Extraction of crude petroleum and natural gas",2013,0.547,"A","Normal value","EUR","Euro"
"369","LVA","Latvia","B06","Extraction of crude petroleum and natural gas",2019,0.287,"A","Normal value","EUR","Euro"
"370","PRT","Portugal","B","Mining and quarrying",1997,571.736,"A","Normal value","EUR","Euro"
"371","PRT","Portugal","B","Mining and quarrying",2003,535.92,"A","Normal value","EUR","Euro"
"372","PRT","Portugal","B","Mining and quarrying",2009,646.144,"A","Normal value","EUR","Euro"
"373","PRT","Portugal","B","Mining and quarrying",2015,500.495,"A","Normal value","EUR","Euro"
"374","PRT","Portugal","B","Mining and quarrying",2021,793.635,"A","Normal value","EUR","Euro"
"375","COL","Colombia","B05","Mining of coal and lignite",2006,5705000,"A","Normal value","COP","Colombian peso"
"376","COL","Colombia","B05","Mining of coal and lignite",2012,10973000,"A","Normal value","COP","Colombian peso"
"377","COL","Colombia","B05","Mining of coal and lignite",2018,15167000,"A","Normal value","COP","Colombian peso"
"378","HUN","Hungary","B","Mining and quarrying",1999,26904,"A","Normal value","HUF","Forint"
"379","HUN","Hungary","B","Mining and quarrying",2005,46580,"A","Normal value","HUF","Forint"
"380","HUN","Hungary","B","Mining and quarrying",2011,58230,"A","Normal value","HUF","Forint"
"381","HUN","Hungary","B","Mining and quarrying",2017,64790,"A","Normal value","HUF","Forint"
"382","NOR","Norway","B","Mining and quarrying",1973,975,"A","Normal value","NOK","Norwegian krone"
"383","NOR","Norway","B","Mining and quarrying",1979,22965,"A","Normal value","NOK","Norwegian krone"
"384","NOR","Norway","B","Mining and quarrying",1985,96269,"A","Normal value","NOK","Norwegian krone"
"385","NOR","Norway","B","Mining and quarrying",1991,93741,"A","Normal value","NOK","Norwegian krone"
"386","NOR","Norway","B","Mining and quarrying",1997,170772,"A","Normal value","NOK","Norwegian krone"
"387","NOR","Norway","B","Mining and quarrying",2003,290954,"A","Normal value","NOK","Norwegian krone"
"388","NOR","Norway","B","Mining and quarrying",2009,484172,"A","Normal value","NOK","Norwegian krone"
"389","NOR","Norway","B","Mining and quarrying",2015,523925,"A","Normal value","NOK","Norwegian krone"
"390","NOR","Norway","B","Mining and quarrying",2021,1021893,"A","Normal value","NOK","Norwegian krone"
"391","SVK","Slovak Republic","B","Mining and quarrying",1995,168.838,"A","Normal value","EUR","Euro"
"392","SVK","Slovak Republic","B","Mining and quarrying",2001,221.972,"A","Normal value","EUR","Euro"
"393","SVK","Slovak Republic","B","Mining and quarrying",2007,327.123,"A","Normal value","EUR","Euro"
"394","SVK","Slovak Republic","B","Mining and quarrying",2013,332.222,"A","Normal value","EUR","Euro"
"395","SVK","Slovak Republic","B","Mining and quarrying",2019,170.919,"A","Normal value","EUR","Euro"
"396","AUS","Australia","B","Mining and quarrying",1994,21266,"A","Normal value","AUD","Australian dollar"
"397","AUS","Australia","B","Mining and quarrying",2000,35467,"A","Normal value","AUD","Australian dollar"
"398","AUS","Australia","B","Mining and quarrying",2006,77008,"A","Normal value","AUD","Australian dollar"
"399","AUS","Australia","B","Mining and quarrying",2012,118276,"A","Normal value","AUD","Australian dollar"
"400","AUS","Australia","B","Mining and quarrying",2018,191864,"A","Normal value","AUD","Australian dollar"
"401","ROU","Romania","B09","Mining support service activities",1998,156.8,"A","Normal value","RON","Romanian leu"
"402","ROU","Romania","B09","Mining support service activities",2004,566.8,"A","Normal value","RON","Romanian leu"
"403","ROU","Romania","B09","Mining support service activities",2010,2204,"A","Normal value","RON","Romanian leu"
"404","ROU","Romania","B09","Mining support service activities",2016,834.4,"A","Normal value","RON","Romanian leu"
"405","ROU","Romania","B09","Mining support service activities",2022,1102.9,"P","Provisional value","RON","Romanian leu"
"406","BRA","Brazil","B06","Extraction of crude petroleum and natural gas",2003,24371.128,"A","Normal value","BRL","Brazilian real"
"407","BRA","Brazil","B06","Extraction of crude petroleum and natural gas",2009,40905.428,"A","Normal value","BRL","Brazilian real"
"408","BRA","Brazil","B06","Extraction of crude petroleum and natural gas",2015,73558,"A","Normal value","BRL","Brazilian real"
"409","NLD","Netherlands","B","Mining and quarrying",1999,6460,"A","Normal value","EUR","Euro"
"410","NLD","Netherlands","B","Mining and quarrying",2005,12883,"A","Normal value","EUR","Euro"
"411","NLD","Netherlands","B","Mining and quarrying",2011,18888,"A","Normal value","EUR","Euro"
"412","NLD","Netherlands","B","Mining and quarrying",2017,7422,"A","Normal value","EUR","Euro"
